Name,Ateco,AtecoX,ATECO,ATECOx,GRI_2022,GRI_2023,GRI_2024,ESRS_2022,ESRS_2023,ESRS_2024,SASB_2022,SASB_2023,SASB_2024
NEWLAT FOOD S.P.A.,10,INDUSTRIE ALIMENTARI,1061,Lavorazione delle granaglie,0,0,0,0,0,0,0,0,0
VALSOIA S.P.A. (IN FORMA ESTESA VALSOIA - BONTA' E SALUTE - S.P.A. O IN SIGLA ANCHE V.B.S. S.P.A. ),10,INDUSTRIE ALIMENTARI,103900,Lavorazione e conservazione di frutta e di ortaggi (esclusi i succhi di frutta e di ortaggi),0,0,0,0,0,0,0,0,0
CENTRALE DEL LATTE D'ITALIA S.P.A.,10,INDUSTRIE ALIMENTARI,105110,Trattamento igienico del latte,0,0,1,0,0,0,0,0,1
FINE FOODS & PHARMACEUTICALS N.T.M. S.P.A.,10,INDUSTRIE ALIMENTARI,108600,Produzione di preparati omogeneizzati e di alimenti dietetici,0,0,0,1,1,0,1,1,0
MASI AGRICOLA S.P.A. E PER BREVITA' M.AGRI S.P.A.,11,INDUSTRIA DELLE BEVANDE,110210,Produzione di vini da tavola e v.p.q.r.d.,0,0,0,0,0,0,0,0,0
RATTI S.P.A. SOCIETA' BENEFIT O IN FORMA ABBREVIATA RATTI S.P.A. SB,13,INDUSTRIE TESSILI,133000,Finissaggio dei tessili,0,0,0,1,1,0,0,0,0
CALEFFI - S.P.A.,13,INDUSTRIE TESSILI,139210,"Confezionamento di biancheria da letto, da tavola e per l'arredamento",0,0,0,1,1,1,0,0,0
RADICI PIETRO INDUSTRIES & BRANDS S.P.A.,13,INDUSTRIE TESSILI,139300,Fabbricazione di tappeti e moquette,0,0,0,0,0,0,0,0,0
MONNALISA S.P.A.,14,CONFEZIONE DI ARTICOLI DI ABBIGLIAMENTO; CONFEZIONE DI ARTICOLI IN PELLE E PELLICCIA,141000,Confezione di articoli di abbigliamento (escluso abbligliamento in pelliccia),0,0,0,0,0,0,0,0,0
PATTERN S.P.A.,14,CONFEZIONE DI ARTICOLI DI ABBIGLIAMENTO; CONFEZIONE DI ARTICOLI IN PELLE E PELLICCIA,141310,Confezione in serie di abbigliamento esterno,0,0,1,0,0,1,0,0,0
GENTILI MOSCONI S.P.A.,14,CONFEZIONE DI ARTICOLI DI ABBIGLIAMENTO; CONFEZIONE DI ARTICOLI IN PELLE E PELLICCIA,141910,Confezioni varie e accessori per l'abbigliamento,0,0,0,1,1,1,0,0,0
CSP INTERNATIONAL FASHION GROUP S.P.A.,14,CONFEZIONE DI ARTICOLI DI ABBIGLIAMENTO; CONFEZIONE DI ARTICOLI IN PELLE E PELLICCIA,143100,Fabbricazione di articoli di calzetteria in maglia,0,0,1,0,0,0,0,0,1
BRUNELLO CUCINELLI S.P.A.,14,CONFEZIONE DI ARTICOLI DI ABBIGLIAMENTO; CONFEZIONE DI ARTICOLI IN PELLE E PELLICCIA,143900,"Fabbricazione di pullover, cardigan ed altri articoli simili a maglia",0,0,1,1,1,0,0,0,0
PIQUADRO S.P.A.,15,FABBRICAZIONE DI ARTICOLI IN PELLE E SIMILI,151209,"Fabbricazione di altri articoli da viaggio, borse e simili, pelletteria e selleria",0,0,1,0,0,1,0,0,0
GEOX S.P.A.,15,FABBRICAZIONE DI ARTICOLI IN PELLE E SIMILI,152010,Fabbricazione di calzature,0,0,1,0,0,0,0,0,0
SALVATORE FERRAGAMO S.P.A.,15,FABBRICAZIONE DI ARTICOLI IN PELLE E SIMILI,152010,Fabbricazione di calzature,0,0,0,1,1,1,0,0,0
NUSCO S.P.A.,16,INDUSTRIA DEL LEGNO E DEI PRODOTTI IN LEGNO E SUGHERO (ESCLUSI I MOBILI); FABBRICAZIONE DI ARTICOLI IN PAGLIA E MATERIALI DA INTRECCIO,161000,Taglio e piallatura del legno,0,0,0,1,1,1,1,1,1
GRIFAL S.P.A.,17,FABBRICAZIONE DI CARTA E DI PRODOTTI DI CARTA,172100,Fabbricazione di carta e cartone ondulato e di imballaggi di carta e cartone (esclusi quelli in carta pressata),0,0,0,1,1,1,0,0,0
NEODECORTECH S.P.A.,17,FABBRICAZIONE DI CARTA E DI PRODOTTI DI CARTA,172309,Fabbricazione di altri prodotti cartotecnici,0,0,0,1,1,1,1,1,1
TELESIA S.P.A.,18,STAMPA E RIPRODUZIONE DI SUPPORTI REGISTRATI,181000,Stampa e servizi connessi alla stampa,0,0,0,0,0,0,0,0,0
ENI S.P.A.,19,FABBRICAZIONE DI COKE E PRODOTTI DERIVANTI DALLA RAFFINAZIONE DEL PETROLIO,192010,Raffinerie di petrolio,0,0,0,0,0,0,0,0,0
SOL S.P.A.,20,FABBRICAZIONE DI PRODOTTI CHIMICI,201100,Fabbricazione di gas industriali,0,0,0,1,1,1,0,0,0
INDUSTRIE CHIMICHE FORESTALI S.P.A. IN FORMA ABBREVIATA ICF S.P.A .,20,FABBRICAZIONE DI PRODOTTI CHIMICI,203000,"Fabbricazione di pitture, vernici e smalti, inchiostri da stampa e adesivi sintetici",0,0,0,1,1,1,0,0,0
GREEN OLEO S.P.A. SOCIETA' BENEFIT,20,FABBRICAZIONE DI PRODOTTI CHIMICI,205940,Fabbricazione di prodotti chimici vari per uso industriale (inclusi i preparati antidetonanti e antigelo),0,0,0,1,1,1,0,0,0
AQUAFIL S.P.A.,20,FABBRICAZIONE DI PRODOTTI CHIMICI,206000,Fabbricazione di fibre sintetiche e artificiali,0,0,0,0,0,0,0,0,0
FRIULCHEM S.P.A.,21,FABBRICAZIONE DI PRODOTTI FARMACEUTICI DI BASE E DI PREPARATI FARMACEUTICI,211,Fabbricazione di prodotti farmaceutici di base,0,0,0,0,0,0,0,0,0
GENENTA SCIENCE S.P.A.,21,FABBRICAZIONE DI PRODOTTI FARMACEUTICI DI BASE E DI PREPARATI FARMACEUTICI,212009,Fabbricazione di medicinali ed altri preparati farmaceutici,0,0,0,0,0,0,0,0,0
PHARMANUTRA S.P.A.,21,FABBRICAZIONE DI PRODOTTI FARMACEUTICI DI BASE E DI PREPARATI FARMACEUTICI,212009,Fabbricazione di medicinali ed altri preparati farmaceutici,0,0,1,0,0,1,0,0,0
RECORDATI INDUSTRIA CHIMICA E FARMACEUTICA S.P.A. IN BREVE RECORDATI S.P.A.,21,FABBRICAZIONE DI PRODOTTI FARMACEUTICI DI BASE E DI PREPARATI FARMACEUTICI,212009,Fabbricazione di medicinali ed altri preparati farmaceutici,0,0,0,1,1,1,1,1,1
ZIGNAGO VETRO S.P.A. CON LA SIGLA Z.V. S.P.A.,23,FABBRICAZIONE DI ALTRI PRODOTTI DELLA LAVORAZIONE DI MINERALI NON METALLIFERI,231300,Fabbricazione di vetro cavo,0,0,0,1,1,1,0,0,0
FRANCHI UMBERTO MARMI S.P.A.,23,FABBRICAZIONE DI ALTRI PRODOTTI DELLA LAVORAZIONE DI MINERALI NON METALLIFERI,237010,Segagione e lavorazione delle pietre e del marmo,0,0,0,0,0,0,0,0,0
BIFIRE S.P.A.,23,FABBRICAZIONE DI ALTRI PRODOTTI DELLA LAVORAZIONE DI MINERALI NON METALLIFERI,239900,Fabbricazione di altri prodotti in minerali non metalliferi n.c.a.,0,0,0,1,1,0,0,0,0
GIBUS S.P.A.,25,FABBRICAZIONE DI PRODOTTI IN METALLO (ESCLUSI MACCHINARI E ATTREZZATURE),25122,"Fabbricazione di strutture metalliche per tende da sole, tende alla veneziana e simili",0,0,0,0,0,0,0,0,0
SCIUKER FRAMES S.P.A.,25,FABBRICAZIONE DI PRODOTTI IN METALLO (ESCLUSI MACCHINARI E ATTREZZATURE),251210,"Fabbricazione di porte, finestre e loro telai, imposte e cancelli metallici",0,0,0,1,1,0,0,0,0
SOMEC SPA,25,FABBRICAZIONE DI PRODOTTI IN METALLO (ESCLUSI MACCHINARI E ATTREZZATURE),251210,"Fabbricazione di porte, finestre e loro telai, imposte e cancelli metallici",0,0,0,1,1,1,0,0,0
TESMEC SPA,25,FABBRICAZIONE DI PRODOTTI IN METALLO (ESCLUSI MACCHINARI E ATTREZZATURE),256200,Lavori di meccanica generale,1,1,1,1,1,1,1,1,1
VALTECNE S.P.A.,25,FABBRICAZIONE DI PRODOTTI IN METALLO (ESCLUSI MACCHINARI E ATTREZZATURE),256200,Lavori di meccanica generale,0,0,0,0,0,0,0,0,0
VIMI FASTENERS S.P.A.,25,FABBRICAZIONE DI PRODOTTI IN METALLO (ESCLUSI MACCHINARI E ATTREZZATURE),259400,Fabbricazione di articoli di bulloneria,0,0,0,1,1,1,1,1,1
BIALETTI INDUSTRIE S.P.A,25,FABBRICAZIONE DI PRODOTTI IN METALLO (ESCLUSI MACCHINARI E ATTREZZATURE),259919,"Fabbricazione di stoviglie, pentolame, vasellame, attrezzi da cucina e altri accessori casalinghi non elettrici, articoli metallici per l'arredamento di stanze da bagno",0,0,0,1,1,0,0,0,0
ANTARES VISION S.P.A.,26,"FABBRICAZIONE DI COMPUTER E PRODOTTI DI ELETTRONICA E OTTICA; APPARECCHI ELETTROMEDICALI, APPARECCHI DI MISURAZIONE E DI OROLOGI",260000,"Fabbricazione di computer e prodotti di elettronica e ottica; apparecchi elettromedicali, apparecchi di misurazione e di orologi",0,0,1,1,1,1,1,1,0
POWERSOFT S.P.A.,26,"FABBRICAZIONE DI COMPUTER E PRODOTTI DI ELETTRONICA E OTTICA; APPARECCHI ELETTROMEDICALI, APPARECCHI DI MISURAZIONE E DI OROLOGI",260000,"Fabbricazione di computer e prodotti di elettronica e ottica; apparecchi elettromedicali, apparecchi di misurazione e di orologi",0,0,0,0,0,0,0,0,0
ESAUTOMOTION S.P.A.,26,"FABBRICAZIONE DI COMPUTER E PRODOTTI DI ELETTRONICA E OTTICA; APPARECCHI ELETTROMEDICALI, APPARECCHI DI MISURAZIONE E DI OROLOGI",261109,Fabbricazione di altri componenti elettronici,0,0,0,0,0,0,0,0,0
FAE TECHNOLOGY S.P.A - SOCIETA' BENEFIT,26,"FABBRICAZIONE DI COMPUTER E PRODOTTI DI ELETTRONICA E OTTICA; APPARECCHI ELETTROMEDICALI, APPARECCHI DI MISURAZIONE E DI OROLOGI",261200,Fabbricazione di schede elettroniche assemblate,0,0,0,0,0,0,0,0,0
SECO S.P.A.,26,"FABBRICAZIONE DI COMPUTER E PRODOTTI DI ELETTRONICA E OTTICA; APPARECCHI ELETTROMEDICALI, APPARECCHI DI MISURAZIONE E DI OROLOGI",261200,Fabbricazione di schede elettroniche assemblate,0,0,0,1,1,1,1,1,1
TECHNOPROBE S.P.A.,26,"FABBRICAZIONE DI COMPUTER E PRODOTTI DI ELETTRONICA E OTTICA; APPARECCHI ELETTROMEDICALI, APPARECCHI DI MISURAZIONE E DI OROLOGI",261200,Fabbricazione di schede elettroniche assemblate,0,0,0,1,1,0,0,0,0
CAREL INDUSTRIES S.P.A.,26,"FABBRICAZIONE DI COMPUTER E PRODOTTI DI ELETTRONICA E OTTICA; APPARECCHI ELETTROMEDICALI, APPARECCHI DI MISURAZIONE E DI OROLOGI",262000,Fabbricazione di computer e unità periferiche,0,0,0,1,1,0,0,0,0
EUROTECH S.P.A.,26,"FABBRICAZIONE DI COMPUTER E PRODOTTI DI ELETTRONICA E OTTICA; APPARECCHI ELETTROMEDICALI, APPARECCHI DI MISURAZIONE E DI OROLOGI",262000,Fabbricazione di computer e unità periferiche,0,0,0,0,0,0,0,0,0
B&C SPEAKERS S.P.A.,26,"FABBRICAZIONE DI COMPUTER E PRODOTTI DI ELETTRONICA E OTTICA; APPARECCHI ELETTROMEDICALI, APPARECCHI DI MISURAZIONE E DI OROLOGI",264001,Fabbricazione di apparecchi per la riproduzione e registrazione del suono e delle immagini,0,0,0,1,1,0,1,1,0
GEFRAN S.P.A.,26,"FABBRICAZIONE DI COMPUTER E PRODOTTI DI ELETTRONICA E OTTICA; APPARECCHI ELETTROMEDICALI, APPARECCHI DI MISURAZIONE E DI OROLOGI",265129,"Fabbricazione di altri apparecchi di misura e regolazione, di contatori di elettricità, gas, acqua ed altri liquidi, di bilance analitiche di precisione (incluse parti staccate ed accessori)",0,0,0,1,1,1,0,0,0
SIT S.P.A.,26,"FABBRICAZIONE DI COMPUTER E PRODOTTI DI ELETTRONICA E OTTICA; APPARECCHI ELETTROMEDICALI, APPARECCHI DI MISURAZIONE E DI OROLOGI",265129,"Fabbricazione di altri apparecchi di misura e regolazione, di contatori di elettricità, gas, acqua ed altri liquidi, di bilance analitiche di precisione (incluse parti staccate ed accessori)",0,0,0,1,1,1,0,0,0
EL.EN. - S.P.A.,26,"FABBRICAZIONE DI COMPUTER E PRODOTTI DI ELETTRONICA E OTTICA; APPARECCHI ELETTROMEDICALI, APPARECCHI DI MISURAZIONE E DI OROLOGI",266002,Fabbricazione di apparecchi elettromedicali (incluse parti staccate e accessori),0,0,0,1,1,1,0,0,0
TECHNOGYM S.P.A.,26,"FABBRICAZIONE DI COMPUTER E PRODOTTI DI ELETTRONICA E OTTICA; APPARECCHI ELETTROMEDICALI, APPARECCHI DI MISURAZIONE E DI OROLOGI",266002,Fabbricazione di apparecchi elettromedicali (incluse parti staccate e accessori),0,0,0,1,1,1,1,1,1
OFFICINA STELLARE S.P.A.,26,"FABBRICAZIONE DI COMPUTER E PRODOTTI DI ELETTRONICA E OTTICA; APPARECCHI ELETTROMEDICALI, APPARECCHI DI MISURAZIONE E DI OROLOGI",267011,Fabbricazione di elementi ottici e strumenti ottici di precisione,0,0,0,0,0,0,0,0,0
ATON GREEN STORAGE S.P.A.,27,FABBRICAZIONE DI APPARECCHIATURE ELETTRICHE ED APPARECCHIATURE PER USO DOMESTICO NON ELETTRICHE,272000,Fabbricazione di batterie di pile ed accumulatori elettrici,0,0,0,0,0,0,0,0,0
IRCE S.P.A.,27,FABBRICAZIONE DI APPARECCHIATURE ELETTRICHE ED APPARECCHIATURE PER USO DOMESTICO NON ELETTRICHE,273200,Fabbricazione di altri fili e cavi elettrici ed elettronici,0,0,0,0,0,0,0,0,0
ELICA S.P.A.,27,FABBRICAZIONE DI APPARECCHIATURE ELETTRICHE ED APPARECCHIATURE PER USO DOMESTICO NON ELETTRICHE,275100,Fabbricazione di elettrodomestici,0,0,0,1,1,0,0,0,0
INDEL B S.P.A.,27,FABBRICAZIONE DI APPARECCHIATURE ELETTRICHE ED APPARECCHIATURE PER USO DOMESTICO NON ELETTRICHE,275100,Fabbricazione di elettrodomestici,0,0,0,0,0,0,0,0,0
CEMBRE S.P.A.,27,FABBRICAZIONE DI APPARECCHIATURE ELETTRICHE ED APPARECCHIATURE PER USO DOMESTICO NON ELETTRICHE,279009,Fabbricazione di altre apparecchiature elettriche nca,0,0,0,1,1,1,0,0,0
DATALOGIC S.P.A.,27,FABBRICAZIONE DI APPARECCHIATURE ELETTRICHE ED APPARECCHIATURE PER USO DOMESTICO NON ELETTRICHE,279009,Fabbricazione di altre apparecchiature elettriche nca,0,0,1,1,1,0,0,0,0
ELES SEMICONDUCTOR EQUIPMENT S.P.A.,27,FABBRICAZIONE DI APPARECCHIATURE ELETTRICHE ED APPARECCHIATURE PER USO DOMESTICO NON ELETTRICHE,279009,Fabbricazione di altre apparecchiature elettriche nca,0,0,0,0,0,0,0,0,0
PIOVAN S.P.A.,28,FABBRICAZIONE DI MACCHINARI ED APPARECCHIATURE N.C.A.,2896,Fabbricazione di macchine per l’industria delle materie plastiche e della gomma (incluse parti e accessori),0,0,1,0,0,0,0,0,0
MARZOCCHI POMPE S.P.A.,28,FABBRICAZIONE DI MACCHINARI ED APPARECCHIATURE N.C.A.,281200,Fabbricazione di apparecchiature fluidodinamiche,0,0,0,0,0,0,0,0,0
SABAF S.P.A.,28,FABBRICAZIONE DI MACCHINARI ED APPARECCHIATURE N.C.A.,281400,Fabbricazione di altri rubinetti e valvole,0,0,0,1,1,1,0,0,0
COMER INDUSTRIES S.P.A.,28,FABBRICAZIONE DI MACCHINARI ED APPARECCHIATURE N.C.A.,281510,"Fabbricazione di organi di trasmissione (esclusi quelli idraulici e quelli per autoveicoli, aeromobili e motocicli)",0,0,1,1,1,0,0,0,0
EMAK S.P.A.,28,FABBRICAZIONE DI MACCHINARI ED APPARECCHIATURE N.C.A.,282400,Fabbricazione di utensili portatili a motore,0,0,0,1,1,1,1,1,1
LU-VE - S.P.A.,28,FABBRICAZIONE DI MACCHINARI ED APPARECCHIATURE N.C.A.,282500,Fabbricazione di attrezzature di uso non domestico per la refrigerazione e la ventilazione; fabbricazione di condizionatori domestici fissi,0,0,0,0,0,0,0,0,0
VNE S.P.A.,28,FABBRICAZIONE DI MACCHINARI ED APPARECCHIATURE N.C.A.,282910,Fabbricazione di bilance e di macchine automatiche per la vendita e la distribuzione (incluse parti staccate e accessori),0,0,0,0,0,0,0,0,0
GEL S.P.A.,28,FABBRICAZIONE DI MACCHINARI ED APPARECCHIATURE N.C.A.,282991,Fabbricazione di apparecchi per depurare e filtrare liquidi e gas per uso non domestico,0,0,0,0,0,1,0,0,0
INTERPUMP GROUP S.P.A.,28,FABBRICAZIONE DI MACCHINARI ED APPARECCHIATURE N.C.A.,282999,Fabbricazione di altro materiale meccanico e di altre macchine di impiego generale nca,0,0,1,1,1,0,1,1,0
FIDIA - S.P.A.,28,FABBRICAZIONE DI MACCHINARI ED APPARECCHIATURE N.C.A.,284100,Fabbricazione di macchine utensili per la formatura dei metalli (incluse parti e accessori ed escluse le parti intercambiabili),0,0,0,0,0,0,0,0,0
BIESSE S.P.A.,28,FABBRICAZIONE DI MACCHINARI ED APPARECCHIATURE N.C.A.,284909,Fabbricazione di altre macchine utensili (incluse parti e accessori) nca,0,0,1,1,1,1,1,1,1
DANIELI & C. OFFICINE MECCANICHE S.P.A. IN FORMA ABBREVIATA ANCHE DANIELI & C. S.P.A.,28,FABBRICAZIONE DI MACCHINARI ED APPARECCHIATURE N.C.A.,289100,Fabbricazione di macchine per la metallurgia (incluse parti e accessori),0,0,0,0,0,0,0,0,0
OSAI AUTOMATION SYSTEM S.P.A. SOCIETA' BENEFIT,28,FABBRICAZIONE DI MACCHINARI ED APPARECCHIATURE N.C.A.,289920,Fabbricazione di robot industriali per usi molteplici (incluse parti e accessori),0,0,0,1,1,1,1,1,1
I.L.P.R.A. S.P.A.,28,FABBRICAZIONE DI MACCHINARI ED APPARECCHIATURE N.C.A.,289999,Fabbricazione di altre macchine per impieghi speciali nca (incluse parti e accessori),0,0,0,0,0,0,0,0,0
PININFARINA S.P.A.,29,"FABBRICAZIONE DI AUTOVEICOLI, RIMORCHI E SEMIRIMORCHI",291000,Fabbricazione di autoveicoli,0,0,1,0,0,0,0,0,0
TENAX INTERNATIONAL S.P.A.,29,"FABBRICAZIONE DI AUTOVEICOLI, RIMORCHI E SEMIRIMORCHI",291000,Fabbricazione di autoveicoli,0,0,0,0,0,0,0,0,0
COFLE S.P.A.,29,"FABBRICAZIONE DI AUTOVEICOLI, RIMORCHI E SEMIRIMORCHI",293209,Fabbricazione di altre parti ed accessori per autoveicoli e loro motori nca,0,0,0,0,0,0,0,0,0
LANDI RENZO S.P.A.,29,"FABBRICAZIONE DI AUTOVEICOLI, RIMORCHI E SEMIRIMORCHI",293209,Fabbricazione di altre parti ed accessori per autoveicoli e loro motori nca,0,0,0,0,0,0,0,0,0
ASKOLL EVA S.P.A.,30,FABBRICAZIONE DI ALTRI MEZZI DI TRASPORTO,3091,Fabbricazione di motocicli (inclusi motori),0,0,0,0,0,0,0,0,0
FINCANTIERI S.P.A.,30,FABBRICAZIONE DI ALTRI MEZZI DI TRASPORTO,301102,Cantieri navali per costruzioni metalliche e non metalliche (esclusi i sedili per navi),0,0,1,1,1,0,0,0,0
THE ITALIAN SEA GROUP S.P.A.,30,FABBRICAZIONE DI ALTRI MEZZI DI TRASPORTO,301102,Cantieri navali per costruzioni metalliche e non metalliche (esclusi i sedili per navi),0,0,0,1,1,1,1,1,1
FERRETTI S.P.A.,30,FABBRICAZIONE DI ALTRI MEZZI DI TRASPORTO,301200,Costruzione di imbarcazioni da diporto e sportive,0,0,0,1,1,1,0,0,0
SANLORENZO S.P.A. IN SIGLA SL S.P.A.,30,FABBRICAZIONE DI ALTRI MEZZI DI TRASPORTO,301200,Costruzione di imbarcazioni da diporto e sportive,1,1,1,1,1,1,0,0,0
OMER S.P.A,30,FABBRICAZIONE DI ALTRI MEZZI DI TRASPORTO,302002,"Costruzione di altro materiale rotabile ferroviario, tranviario, filoviario, per metropolitane e per miniere",0,0,0,0,0,0,0,0,0
AVIO S.P.A.,30,FABBRICAZIONE DI ALTRI MEZZI DI TRASPORTO,303000,"Fabbricazione di aeromobili, di veicoli spaziali e dei relativi dispositivi",0,0,0,1,1,1,0,0,0
LEONARDO - SOCIETA' PER AZIONI,30,FABBRICAZIONE DI ALTRI MEZZI DI TRASPORTO,303009,"Fabbricazione di aeromobili, di veicoli spaziali e dei relativi dispositivi nca",0,0,0,1,1,1,1,1,1
PIAGGIO & C. S.P.A.,30,FABBRICAZIONE DI ALTRI MEZZI DI TRASPORTO,309112,Fabbricazione di motocicli,0,0,0,1,1,1,0,0,0
CLABO SOCIETA' PER AZIONI,31,FABBRICAZIONE DI MOBILI,310122,Fabbricazione di altri mobili non metallici per ufficio e negozi,0,0,0,1,1,0,0,0,0
NATUZZI S.P.A.,31,FABBRICAZIONE DI MOBILI,310930,Fabbricazione di poltrone e divani,0,0,0,0,0,0,0,0,0
FOPE S.P.A.,32,ALTRE INDUSTRIE MANIFATTURIERE,321210,Fabbricazione di oggetti di gioielleria ed oreficeria in metalli preziosi o rivestiti di metalli preziosi,0,0,0,0,0,0,0,0,0
GVS S.P.A.,32,ALTRE INDUSTRIE MANIFATTURIERE,325012,Fabbricazione di apparecchi e strumenti per odontoiatria e di apparecchi medicali per diagnosi (incluse parti staccate e accessori),0,0,1,1,1,1,0,0,0
IVISION TECH S.P.A.,32,ALTRE INDUSTRIE MANIFATTURIERE,325050,Fabbricazione di armature per occhiali di qualsiasi tipo; montatura in serie di occhiali comuni,0,0,0,0,0,0,0,0,0
F.I.L.A - FABBRICA ITALIANA LAPIS ED AFFINI - SOCIETA' PER AZIONI SIGLABILE IN FORMA F.I.L.A. S.P.A. O IN FORMA ABBREVIATA CON LA DICITUARA ANTICIPATA DAL SIMBOLO DEL GIGLIO STILIZZATO,32,ALTRE INDUSTRIE MANIFATTURIERE,329930,Fabbricazione di oggetti di cancelleria,0,0,0,1,1,0,0,0,0
ECOMEMBRANE S.P.A.,33,"RIPARAZIONE, MANUTENZIONE ED INSTALLAZIONE DI MACCHINE ED APPARECCHIATURE",332009,Installazione di altre macchine ed apparecchiature industriali,0,0,0,0,0,0,0,0,0
IREN S.P.A.,35,"FORNITURA DI ENERGIA ELETTRICA, GAS, VAPORE E ARIA CONDIZIONATA",350000,"Fornitura di energia elettrica, gas, vapore e aria condizionata",0,0,0,1,1,1,0,0,0
A2A S.P.A.,35,"FORNITURA DI ENERGIA ELETTRICA, GAS, VAPORE E ARIA CONDIZIONATA",351100,Produzione di energia elettrica,0,0,1,1,1,1,0,0,0
ACEA S.P.A.,35,"FORNITURA DI ENERGIA ELETTRICA, GAS, VAPORE E ARIA CONDIZIONATA",351100,Produzione di energia elettrica,0,0,0,1,1,1,0,0,0
ECOSUNTEK S.P.A.,35,"FORNITURA DI ENERGIA ELETTRICA, GAS, VAPORE E ARIA CONDIZIONATA",351100,Produzione di energia elettrica,0,0,0,1,1,1,0,0,0
"INIZIATIVE BRESCIANE - INBRE - S.P.A., O, PER BREVITA', ANCHE SOLO INBRE - S.P.A.",35,"FORNITURA DI ENERGIA ELETTRICA, GAS, VAPORE E ARIA CONDIZIONATA",351100,Produzione di energia elettrica,0,0,0,1,1,1,1,1,1
TERNA - RETE ELETTRICA NAZIONALE SOCIETA' PER AZIONI (IN FORMA ABBREVIATA TERNA S.P.A. ),35,"FORNITURA DI ENERGIA ELETTRICA, GAS, VAPORE E ARIA CONDIZIONATA",351200,Trasmissione di energia elettrica,1,1,1,1,1,1,1,1,1
EVISO S.P.A.,35,"FORNITURA DI ENERGIA ELETTRICA, GAS, VAPORE E ARIA CONDIZIONATA",351400,Commercio di energia elettrica,0,0,0,0,0,0,0,0,0
HERA S.P.A.,36,"RACCOLTA, TRATTAMENTO E FORNITURA DI ACQUA",360000,"Raccolta, trattamento e fornitura di acqua",0,0,0,1,1,1,0,0,0
RECUPERO ETICO SOSTENIBILE SOCIETA' PER AZIONI,38,"ATTIVITÀ DI RACCOLTA, TRATTAMENTO E SMALTIMENTO DEI RIFIUTI; RECUPERO DEI MATERIALI",381000,Raccolta di rifiuti,0,0,0,0,0,0,0,0,0
RENOVALO S.P.A. SOCIETA' BENEFIT,41,COSTRUZIONE DI EDIFICI,412000,Costruzione di edifici residenziali e non residenziali,0,0,0,1,1,1,0,0,0
SAIPEM S.P.A.,41,COSTRUZIONE DI EDIFICI,412000,Costruzione di edifici residenziali e non residenziali,0,0,0,1,1,1,0,0,0
SALCEF GROUP S.P.A.,42,INGEGNERIA CIVILE,4212,Costruzione di linee ferroviarie e metropolitane,1,1,1,1,1,1,1,1,1
EDIL SAN FELICE S.P.A. SOCIETA' BENEFIT,42,INGEGNERIA CIVILE,421100,"Costruzione di strade, autostrade e piste aeroportuali",0,0,0,0,0,1,0,0,0
WEBUILD S.P.A.,42,INGEGNERIA CIVILE,421200,Costruzione di linee ferroviarie e metropolitane,0,0,0,1,1,1,0,0,0
ALTEA GREEN POWER S.P.A.,43,LAVORI DI COSTRUZIONE SPECIALIZZATI,432101,Installazione di impianti elettrici in edifici o in altre opere di costruzione (inclusa manutenzione e riparazione),0,0,0,1,1,1,0,0,0
COMAL S.P.A.,43,LAVORI DI COSTRUZIONE SPECIALIZZATI,432101,Installazione di impianti elettrici in edifici o in altre opere di costruzione (inclusa manutenzione e riparazione) ,0,0,0,0,0,0,0,0,0
ESI S.P.A.,43,LAVORI DI COSTRUZIONE SPECIALIZZATI,432101,Installazione di impianti elettrici in edifici o in altre opere di costruzione (inclusa manutenzione e riparazione),0,0,0,1,1,1,1,1,1
AZIENDA BRESCIANA PETROLI NOCIVELLI S.P.A. (A.B.P. NOCIVELLI S.P.A.),43,LAVORI DI COSTRUZIONE SPECIALIZZATI,432201,"Installazione di impianti idraulici, di riscaldamento e di condizionamento dell'aria (inclusa manutenzione e riparazione) in edifici o in altre opere di costruzione",0,0,0,1,1,1,1,1,1
EDILIZIACROBATICA S.P.A.,43,LAVORI DI COSTRUZIONE SPECIALIZZATI,439909,Altre attività di lavori specializzati di costruzione nca,0,0,0,1,1,1,0,0,0
PALINGEO S.P.A.,43,LAVORI DI COSTRUZIONE SPECIALIZZATI,439909,Altre attività di lavori specializzati di costruzione nca,0,0,0,0,0,0,0,0,0
PASQUARELLI AUTO SOCIETA' PER AZIONI,45,COMMERCIO ALL'INGROSSO E AL DETTAGLIO E RIPARAZIONE DI AUTOVEICOLI E MOTOCICLI,451101,Commercio all'ingrosso e al dettaglio di autovetture e di autoveicoli leggeri,0,0,0,0,0,0,0,0,0
RACING FORCE S.P.A.,45,COMMERCIO ALL'INGROSSO E AL DETTAGLIO E RIPARAZIONE DI AUTOVEICOLI E MOTOCICLI,453101,Commercio all'ingrosso di parti e accessori di autoveicoli,0,0,0,1,1,0,0,0,0
G.M. LEATHER S.P.A.,46,COMMERCIO ALL'INGROSSO (ESCLUSO QUELLO DI AUTOVEICOLI E DI MOTOCICLI),462410,Commercio all'ingrosso di cuoio e pelli gregge e lavorate (escluse le pelli per pellicceria),0,0,0,0,0,0,0,0,0
COMPAGNIA DEI CARAIBI SPA,46,COMMERCIO ALL'INGROSSO (ESCLUSO QUELLO DI AUTOVEICOLI E DI MOTOCICLI),463410,Commercio all'ingrosso di bevande alcoliche,0,0,0,1,1,1,1,1,1
SHEDIR PHARMA GROUP S.P.A.,46,COMMERCIO ALL'INGROSSO (ESCLUSO QUELLO DI AUTOVEICOLI E DI MOTOCICLI),463890,Commercio all’ingrosso di altri prodotti alimentari n.c.a,0,0,0,0,0,0,0,0,0
LONGINO & CARDENAL - S.P.A.,46,COMMERCIO ALL'INGROSSO (ESCLUSO QUELLO DI AUTOVEICOLI E DI MOTOCICLI),463920,"Commercio all'ingrosso non specializzato di prodotti alimentari, bevande e tabacco",0,0,0,0,0,0,0,0,0
CULTI MILANO S.P.A.,46,COMMERCIO ALL'INGROSSO (ESCLUSO QUELLO DI AUTOVEICOLI E DI MOTOCICLI),464430,"Commercio all'ingrosso di saponi, detersivi e altri prodotti per la pulizia",0,0,0,0,0,0,0,0,0
SVAS BIOSANA S.P.A.,46,COMMERCIO ALL'INGROSSO (ESCLUSO QUELLO DI AUTOVEICOLI E DI MOTOCICLI),464630,Commercio all'ingrosso di articoli medicali ed ortopedici,0,0,0,0,0,0,0,0,0
GISMONDI 1754 S.P.A.,46,COMMERCIO ALL'INGROSSO (ESCLUSO QUELLO DI AUTOVEICOLI E DI MOTOCICLI),464800,Commercio all'ingrosso di orologi e di gioielleria,0,0,0,0,0,0,0,0,0
DIGITAL BROS S.P.A.,46,COMMERCIO ALL'INGROSSO (ESCLUSO QUELLO DI AUTOVEICOLI E DI MOTOCICLI),465100,"Commercio all'ingrosso di computer, apparecchiature informatiche periferiche e di software",0,0,0,0,0,0,0,0,0
ESPRINET S.P.A.,46,COMMERCIO ALL'INGROSSO (ESCLUSO QUELLO DI AUTOVEICOLI E DI MOTOCICLI),465100,"Commercio all'ingrosso di computer, apparecchiature informatiche periferiche e di software",0,0,1,1,1,0,0,0,0
SOLID WORLD GROUP S.P.A.,46,COMMERCIO ALL'INGROSSO (ESCLUSO QUELLO DI AUTOVEICOLI E DI MOTOCICLI),465100,"Commercio all'ingrosso di computer, apparecchiature informatiche periferiche e di software",0,0,0,0,0,0,0,0,0
CELLULARLINE S.P.A.,46,COMMERCIO ALL'INGROSSO (ESCLUSO QUELLO DI AUTOVEICOLI E DI MOTOCICLI),465201,Commercio all'ingrosso di apparecchi e materiali telefonici,0,0,0,1,1,1,0,0,0
ELSA SOLUTIONS S.P.A.,46,COMMERCIO ALL'INGROSSO (ESCLUSO QUELLO DI AUTOVEICOLI E DI MOTOCICLI),465209,Commercio all'ingrosso di altre apparecchiature elettroniche per telecomunicazioni e di altri componenti elettronici,0,0,1,0,0,1,0,0,0
ENERGY S.P.A.,46,COMMERCIO ALL'INGROSSO (ESCLUSO QUELLO DI AUTOVEICOLI E DI MOTOCICLI),466920,Commercio all'ingrosso di materiale elettrico per impianti di uso industriale,0,0,0,0,0,0,0,0,0
A.L.A. SOCIETA' PER AZIONI,46,COMMERCIO ALL'INGROSSO (ESCLUSO QUELLO DI AUTOVEICOLI E DI MOTOCICLI),466999,"Commercio all'ingrosso di altre macchine ed attrezzature per l'industria, il commercio e la navigazione nca",0,0,0,1,1,1,0,0,0
PRYSMIAN S.P.A.,46,COMMERCIO ALL'INGROSSO (ESCLUSO QUELLO DI AUTOVEICOLI E DI MOTOCICLI),467220,Commercio all'ingrosso di metalli non ferrosi e prodotti semilavorati,0,0,0,0,0,0,0,0,0
FERVI S.P.A.,46,COMMERCIO ALL'INGROSSO (ESCLUSO QUELLO DI AUTOVEICOLI E DI MOTOCICLI),467410,Commercio all'ingrosso di articoli in ferro e in altri metalli (ferramenta),0,0,0,0,0,0,0,0,0
CONFINVEST F.L. S.P.A.,46,COMMERCIO ALL'INGROSSO (ESCLUSO QUELLO DI AUTOVEICOLI E DI MOTOCICLI),469000,Commercio all'ingrosso non specializzato,0,0,0,0,0,0,0,0,0
MARR S.P.A.,46,COMMERCIO ALL'INGROSSO (ESCLUSO QUELLO DI AUTOVEICOLI E DI MOTOCICLI),469000,Commercio all'ingrosso non specializzato,0,0,1,1,1,0,0,0,0
UNIEURO S.P.A.,47,COMMERCIO AL DETTAGLIO (ESCLUSO QUELLO DI AUTOVEICOLI E DI MOTOCICLI),47121,"""Commercio al dettaglio non specializzato con prevalenza di apparecchiature informatiche ed elettrodomestici",0,0,0,1,1,1,1,1,1
OVS SPA,47,COMMERCIO AL DETTAGLIO (ESCLUSO QUELLO DI AUTOVEICOLI E DI MOTOCICLI),471910,Grandi magazzini,0,0,0,1,1,1,0,0,0
PORTOBELLO S.P.A.,47,COMMERCIO AL DETTAGLIO (ESCLUSO QUELLO DI AUTOVEICOLI E DI MOTOCICLI),471910,Grandi magazzini,0,0,0,0,0,0,0,0,0
VINCENZO ZUCCHI - SOCIETA' PER AZIONI,47,COMMERCIO AL DETTAGLIO (ESCLUSO QUELLO DI AUTOVEICOLI E DI MOTOCICLI),475110,"Commercio al dettaglio di tessuti per l'abbigliamento, l'arredamento e di biancheria per la casa",0,0,0,1,1,1,0,0,0
PRADA S.P.A.,47,COMMERCIO AL DETTAGLIO (ESCLUSO QUELLO DI AUTOVEICOLI E DI MOTOCICLI),477100,Commercio al dettaglio di articoli di abbigliamento in esercizi specializzati,0,0,0,1,1,1,0,0,0
TAKE OFF S.P.A.,47,COMMERCIO AL DETTAGLIO (ESCLUSO QUELLO DI AUTOVEICOLI E DI MOTOCICLI),477110,Commercio al dettaglio di confezioni per adulti,0,0,0,1,1,1,1,1,1
TALEA GROUP S.P.A.,47,COMMERCIO AL DETTAGLIO (ESCLUSO QUELLO DI AUTOVEICOLI E DI MOTOCICLI),477320,Commercio al dettaglio in altri esercizi specializzati di medicinali non soggetti a prescrizione medica,0,0,0,1,1,1,1,1,1
AMPLIFON S.P.A.,47,COMMERCIO AL DETTAGLIO (ESCLUSO QUELLO DI AUTOVEICOLI E DI MOTOCICLI),477400,Commercio al dettaglio di articoli medicali e ortopedici in esercizi specializzati,0,0,0,1,1,1,0,0,0
FARMACOSMO S.P.A.,47,COMMERCIO AL DETTAGLIO (ESCLUSO QUELLO DI AUTOVEICOLI E DI MOTOCICLI),479110,Commercio al dettaglio di qualsiasi tipo di prodotto effettuato via internet,0,0,0,1,1,0,0,0,0
GIGLIO GROUP S.P.A.,47,COMMERCIO AL DETTAGLIO (ESCLUSO QUELLO DI AUTOVEICOLI E DI MOTOCICLI),479110,Commercio al dettaglio di qualsiasi tipo di prodotto effettuato via internet,0,0,0,0,0,0,0,0,0
GIGLIO.COM S.P.A.,47,COMMERCIO AL DETTAGLIO (ESCLUSO QUELLO DI AUTOVEICOLI E DI MOTOCICLI),479110,Commercio al dettaglio di qualsiasi tipo di prodotto effettuato via internet,0,0,0,0,0,0,0,0,0
FNM S.P.A.,49,TRASPORTO TERRESTRE E TRASPORTO MEDIANTE CONDOTTE,490000,Trasporto terrestre e trasporto mediante condotte,0,0,0,1,1,0,0,0,0
BUZZI SPA,49,TRASPORTO TERRESTRE E TRASPORTO MEDIANTE CONDOTTE,494100,Trasporto di merci su strada,0,0,1,1,1,1,0,0,0
AEROPORTO GUGLIELMO MARCONI DI BOLOGNA S.P.A.,52,MAGAZZINAGGIO E ATTIVITÀ DI SUPPORTO AI TRASPORTI,522300,Attività dei servizi connessi al trasporto aereo,0,0,0,1,1,1,0,0,0
ENAV S.P.A.,52,MAGAZZINAGGIO E ATTIVITÀ DI SUPPORTO AI TRASPORTI,522300,Attività dei servizi connessi al trasporto aereo,0,0,0,1,1,1,0,0,0
TOSCANA AEROPORTI S.P.A.,52,MAGAZZINAGGIO E ATTIVITÀ DI SUPPORTO AI TRASPORTI,522300,Attività dei servizi connessi al trasporto aereo,0,0,0,1,1,1,0,0,0
TRAWELL CO S.P.A.,52,MAGAZZINAGGIO E ATTIVITÀ DI SUPPORTO AI TRASPORTI,522300,Attività dei servizi connessi al trasporto aereo,0,0,0,0,0,0,0,0,0
RIZZOLI CORRIERE DELLA SERA MEDIAGROUP SPA O IN FORMA ABBREVIATA RCS MEDIAGROUP SPA O RCS S.P.A.,58,ATTIVITÀ EDITORIALI,580000,Attivita editoriale,0,0,0,1,1,1,0,0,0
CLASS EDITORI S.P.A.,58,ATTIVITÀ EDITORIALI,581000,"Edizione di libri, periodici ed altre attivita editoriali",0,0,0,0,0,0,0,0,0
SIMONE S.P.A.,58,ATTIVITÀ EDITORIALI,581100,Edizione di libri,0,0,0,0,0,0,0,0,0
IL SOLE 24 ORE S.P.A.,58,ATTIVITÀ EDITORIALI,581300,Edizione di quotidiani,0,0,0,1,1,1,0,0,0
SOCIETA' EDITORIALE IL FATTO S.P.A. O IN BREVE SEIF S.P.A.,58,ATTIVITÀ EDITORIALI,581300,Edizione di quotidiani,0,0,0,0,0,0,0,0,0
ARNOLDO MONDADORI EDITORE SPA,58,ATTIVITÀ EDITORIALI,581400,Edizione di riviste e periodici,0,0,0,1,1,1,0,0,0
VISIBILIA EDITORE S.P.A.,58,ATTIVITÀ EDITORIALI,581400,Edizione di riviste e periodici,0,0,0,0,0,0,0,0,0
NVP S.P.A.,59,"ATTIVITÀ DI PRODUZIONE CINEMATOGRAFICA, DI VIDEO E DI PROGRAMMI TELEVISIVI, DI REGISTRAZIONI MUSICALI E SONORE",5911,"Attività di produzione cinematografica, di video e programmi televisivi”",0,0,0,0,0,0,0,0,0
SIPARIO MOVIES S.P.A.,59,"ATTIVITÀ DI PRODUZIONE CINEMATOGRAFICA, DI VIDEO E DI PROGRAMMI TELEVISIVI, DI REGISTRAZIONI MUSICALI E SONORE",5911,"Attività di produzione cinematografica, di video e di programmi televisivi",0,0,0,0,0,0,0,0,0
MONDO TV S.P.A.,59,"ATTIVITÀ DI PRODUZIONE CINEMATOGRAFICA, DI VIDEO E DI PROGRAMMI TELEVISIVI, DI REGISTRAZIONI MUSICALI E SONORE",591100,"Attività di produzione cinematografica, di video e di programmi televisivi",0,0,0,0,0,0,0,0,0
NOTORIOUS PICTURES SOCIETA' PER AZIONI,59,"ATTIVITÀ DI PRODUZIONE CINEMATOGRAFICA, DI VIDEO E DI PROGRAMMI TELEVISIVI, DI REGISTRAZIONI MUSICALI E SONORE",591100,"Attività di produzione cinematografica, di video e di programmi televisivi",0,0,0,0,0,1,0,0,0
LEONE FILM GROUP S.P.A.,59,"ATTIVITÀ DI PRODUZIONE CINEMATOGRAFICA, DI VIDEO E DI PROGRAMMI TELEVISIVI, DI REGISTRAZIONI MUSICALI E SONORE",591300,"Attività di distribuzione cinematografica, di video e di programmi televisivi",0,0,0,0,0,0,0,0,0
NETWEEK S.P.A.,60,ATTIVITÀ DI PROGRAMMAZIONE E TRASMISSIONE,602000,Programmazione e trasmissioni televisive,0,0,0,0,0,0,0,0,0
TELECOM ITALIA SPA O TIM S.P.A.,61,TELECOMUNICAZIONI,610000,Telecomunicazioni,,0,0,,1,1,,0,0
INTRED S.P.A.,61,TELECOMUNICAZIONI,611000,Telecomunicazioni fisse,0,0,0,1,1,1,0,0,0
PLANETEL S.P.A.,61,TELECOMUNICAZIONI,611000,Telecomunicazioni fisse,0,0,0,0,0,0,0,0,0
RAI WAY S.P.A.,61,TELECOMUNICAZIONI,611000,Telecomunicazioni fisse,0,0,0,1,1,0,0,0,0
TESSELLIS S.P.A.,61,TELECOMUNICAZIONI,611000,Telecomunicazioni fisse,0,0,0,1,1,1,0,0,0
"INFRASTRUTTURE WIRELESS ITALIANE S.P.A. O, IN FORMA ABBREVIATA, INWIT S.P.A.",61,TELECOMUNICAZIONI,619099,Altre attività connesse alle telecomunicazioni nca,0,0,0,1,1,1,0,0,0
MEXEDIA SOCIETA' PER AZIONI - SOCIETA' BENEFIT,61,TELECOMUNICAZIONI,619099,Altre attività connesse alle telecomunicazioni nca,0,0,0,0,0,0,0,0,0
UNIDATA S.P.A.,61,TELECOMUNICAZIONI,619099,Altre attività connesse alle telecomunicazioni nca,0,0,0,1,1,1,0,0,0
CY4GATE S.P.A.,62,"PRODUZIONE DI SOFTWARE, CONSULENZA INFORMATICA E ATTIVITÀ CONNESSE",620100,Produzione di software non connesso all'edizione,0,0,0,1,1,1,0,0,0
DOXEE S.P.A.,62,"PRODUZIONE DI SOFTWARE, CONSULENZA INFORMATICA E ATTIVITÀ CONNESSE",620100,Produzione di software non connesso all'edizione,0,0,0,1,1,1,0,0,0
EXPERT.AI S.P.A.,62,"PRODUZIONE DI SOFTWARE, CONSULENZA INFORMATICA E ATTIVITÀ CONNESSE",620100,Produzione di software non connesso all'edizione,0,0,0,0,0,0,0,0,0
FOS S.P.A.,62,"PRODUZIONE DI SOFTWARE, CONSULENZA INFORMATICA E ATTIVITÀ CONNESSE",620100,Produzione di software non connesso all'edizione,0,0,0,0,0,0,0,0,0
GPI S.P.A.,62,"PRODUZIONE DI SOFTWARE, CONSULENZA INFORMATICA E ATTIVITÀ CONNESSE",620100,Produzione di software non connesso all'edizione,0,0,0,1,1,1,0,0,0
MARE ENGINEERING GROUP S.P.A. IN BREVE MARE GROUP S.P.A.,62,"PRODUZIONE DI SOFTWARE, CONSULENZA INFORMATICA E ATTIVITÀ CONNESSE",620100,Produzione di software non connesso all'edizione,0,0,0,1,1,1,1,1,1
NEOSPERIENCE S.P.A.,62,"PRODUZIONE DI SOFTWARE, CONSULENZA INFORMATICA E ATTIVITÀ CONNESSE",620100,Produzione di software non connesso all'edizione,0,0,0,0,0,0,0,0,0
PRISMI S.P.A.,62,"PRODUZIONE DI SOFTWARE, CONSULENZA INFORMATICA E ATTIVITÀ CONNESSE",620100,Produzione di software non connesso all'edizione,0,0,0,0,0,0,0,0,0
RELATECH S.P.A.,62,"PRODUZIONE DI SOFTWARE, CONSULENZA INFORMATICA E ATTIVITÀ CONNESSE",620100,Produzione di software non connesso all'edizione,1,1,1,1,1,1,1,1,1
REPLY S.P.A.,62,"PRODUZIONE DI SOFTWARE, CONSULENZA INFORMATICA E ATTIVITÀ CONNESSE",620100,Produzione di software non connesso all'edizione,0,0,0,1,1,1,1,1,1
SPINDOX S.P.A.,62,"PRODUZIONE DI SOFTWARE, CONSULENZA INFORMATICA E ATTIVITÀ CONNESSE",620100,Produzione di software non connesso all'edizione,0,0,0,1,1,1,0,0,0
VANTEA SMART SOCIETA' PER AZIONI,62,"PRODUZIONE DI SOFTWARE, CONSULENZA INFORMATICA E ATTIVITÀ CONNESSE",620100,Produzione di software non connesso all'edizione,0,0,0,1,1,1,0,0,0
CYBEROO S.P.A.,62,"PRODUZIONE DI SOFTWARE, CONSULENZA INFORMATICA E ATTIVITÀ CONNESSE",620200,Consulenza nel settore delle tecnologie dell'informatica,0,0,0,1,1,1,0,0,0
ITWAY S.P.A.,62,"PRODUZIONE DI SOFTWARE, CONSULENZA INFORMATICA E ATTIVITÀ CONNESSE",620200,Consulenza nel settore delle tecnologie dell'informatica,0,0,0,0,0,0,0,0,0
MAPS S.P.A.,62,"PRODUZIONE DI SOFTWARE, CONSULENZA INFORMATICA E ATTIVITÀ CONNESSE",620200,Consulenza nel settore delle tecnologie dell'informatica,0,0,1,1,1,1,0,0,0
RETI S.P.A.,62,"PRODUZIONE DI SOFTWARE, CONSULENZA INFORMATICA E ATTIVITÀ CONNESSE",620200,Consulenza nel settore delle tecnologie dell'informatica,0,0,0,1,1,1,1,1,1
YOLO GROUP S.P.A.,62,"PRODUZIONE DI SOFTWARE, CONSULENZA INFORMATICA E ATTIVITÀ CONNESSE",620200,Consulenza nel settore delle tecnologie dell'informatica,0,0,0,0,0,0,0,0,0
WIIT S.P.A.,62,"PRODUZIONE DI SOFTWARE, CONSULENZA INFORMATICA E ATTIVITÀ CONNESSE",620909,Altre attività dei servizi connessi alle tecnologie dell'informatica nca,0,0,0,1,1,1,0,0,0
ALLCORE S.P.A.,63,ATTIVITÀ DEI SERVIZI D'INFORMAZIONE E ALTRI SERVIZI INFORMATICI,631111,Elaborazione elettronica di dati contabili (esclusi i Centri di assistenza fiscale - Caf),0,0,0,0,0,0,0,0,0
DATRIX S.P.A.,63,ATTIVITÀ DEI SERVIZI D'INFORMAZIONE E ALTRI SERVIZI INFORMATICI,631119,Altre elaborazioni elettroniche di dati,0,0,0,0,0,0,0,0,0
GROWENS S.P.A.,63,ATTIVITÀ DEI SERVIZI D'INFORMAZIONE E ALTRI SERVIZI INFORMATICI,631130,Hosting e fornitura di servizi applicativi (ASP),0,0,0,1,1,1,1,1,1
MEGLIOQUESTO S.P.A.,63,ATTIVITÀ DEI SERVIZI D'INFORMAZIONE E ALTRI SERVIZI INFORMATICI,631200,Portali web,0,0,0,0,0,0,0,0,0
AEFFE S.P.A.,64,ATTIVITÀ DI SERVIZI FINANZIARI (ESCLUSE LE ASSICURAZIONI E I FONDI PENSIONE),642000,Attività delle società di partecipazione (holding),0,0,0,1,1,1,1,1,1
ALERION CLEAN POWER S.P.A. IN FORMA ABBREVIATA ALERION S.P.A.,64,ATTIVITÀ DI SERVIZI FINANZIARI (ESCLUSE LE ASSICURAZIONI E I FONDI PENSIONE),642000,Attività delle società di partecipazione (holding),0,0,0,0,0,0,0,0,0
BRIOSCHI SVILUPPO IMMOBILIARE S.P.A.,64,ATTIVITÀ DI SERVIZI FINANZIARI (ESCLUSE LE ASSICURAZIONI E I FONDI PENSIONE),642000,Attività delle società di partecipazione (holding),0,0,0,0,0,0,0,0,0
DE' LONGHI S.P.A.,64,ATTIVITÀ DI SERVIZI FINANZIARI (ESCLUSE LE ASSICURAZIONI E I FONDI PENSIONE),642000,Attività delle società di partecipazione (holding),0,0,0,1,1,1,0,0,0
DIASORIN S.P.A.,64,ATTIVITÀ DI SERVIZI FINANZIARI (ESCLUSE LE ASSICURAZIONI E I FONDI PENSIONE),642000,Attività delle società di partecipazione (holding),0,0,0,0,0,0,0,0,0
EQUITA GROUP S.P.A.,64,ATTIVITÀ DI SERVIZI FINANZIARI (ESCLUSE LE ASSICURAZIONI E I FONDI PENSIONE),642000,Attività delle società di partecipazione (holding),0,0,0,0,0,0,0,0,0
GAROFALO HEALTH CARE S.P.A.,64,ATTIVITÀ DI SERVIZI FINANZIARI (ESCLUSE LE ASSICURAZIONI E I FONDI PENSIONE),642000,Attività delle società di partecipazione (holding),0,0,0,1,1,0,0,0,0
H-FARM S.P.A.,64,ATTIVITÀ DI SERVIZI FINANZIARI (ESCLUSE LE ASSICURAZIONI E I FONDI PENSIONE),642000,Attività delle società di partecipazione (holding),0,0,0,0,0,0,0,0,0
HEALTH ITALIA S.P.A.,64,ATTIVITÀ DI SERVIZI FINANZIARI (ESCLUSE LE ASSICURAZIONI E I FONDI PENSIONE),642000,Attività delle società di partecipazione (holding),0,0,0,1,1,1,0,0,0
INNOVATEC S.P.A.,64,ATTIVITÀ DI SERVIZI FINANZIARI (ESCLUSE LE ASSICURAZIONI E I FONDI PENSIONE),642000,Attività delle società di partecipazione (holding),0,0,0,1,1,1,1,1,1
ITALIAN WINE BRANDS S.P.A. O IN FORMA ABBREVIATA IWB SPA,64,ATTIVITÀ DI SERVIZI FINANZIARI (ESCLUSE LE ASSICURAZIONI E I FONDI PENSIONE),642000,Attività delle società di partecipazione (holding),0,0,0,0,0,0,0,0,0
LOTTOMATICA GROUP S.P.A.,64,ATTIVITÀ DI SERVIZI FINANZIARI (ESCLUSE LE ASSICURAZIONI E I FONDI PENSIONE),642000,Attività delle società di partecipazione (holding),0,0,0,1,1,1,0,0,0
MAIRE S.P.A.,64,ATTIVITÀ DI SERVIZI FINANZIARI (ESCLUSE LE ASSICURAZIONI E I FONDI PENSIONE),642000,Attività delle società di partecipazione (holding),0,0,1,0,0,1,0,0,1
MONRIF S.P.A.,64,ATTIVITÀ DI SERVIZI FINANZIARI (ESCLUSE LE ASSICURAZIONI E I FONDI PENSIONE),642000,Attività delle società di partecipazione (holding),0,0,0,0,0,0,0,0,0
ORSERO S.P.A.,64,ATTIVITÀ DI SERVIZI FINANZIARI (ESCLUSE LE ASSICURAZIONI E I FONDI PENSIONE),642000,Attività delle società di partecipazione (holding),0,0,0,1,1,1,0,0,0
SERI INDUSTRIAL S.P.A.,64,ATTIVITÀ DI SERVIZI FINANZIARI (ESCLUSE LE ASSICURAZIONI E I FONDI PENSIONE),642000,Attività delle società di partecipazione (holding),0,0,0,1,1,1,0,0,0
SOGEFI S.P.A.,64,ATTIVITÀ DI SERVIZI FINANZIARI (ESCLUSE LE ASSICURAZIONI E I FONDI PENSIONE),642000,Attività delle società di partecipazione (holding),0,0,0,1,1,1,1,1,1
GENERALFINANCE S.P.A.,64,ATTIVITÀ DI SERVIZI FINANZIARI (ESCLUSE LE ASSICURAZIONI E I FONDI PENSIONE),649920,Attività di factoring,0,0,0,1,1,1,1,1,1
NEXT RE SIIQ S.P.A.,68,ATTIVITÀ IMMOBILIARI,681000,Compravendita di beni immobili effettuata su beni propri,0,0,0,0,0,0,0,0,0
RISANAMENTO SPA,68,ATTIVITÀ IMMOBILIARI,681000,Compravendita di beni immobili effettuata su beni propri,0,0,0,0,0,0,0,0,0
DOTSTAY S.P.A.,68,ATTIVITÀ IMMOBILIARI,682001,Locazione immobiliare di beni propri,0,0,0,0,0,0,0,0,0
G RENT S.P.A.,68,ATTIVITÀ IMMOBILIARI,682001,Locazione immobiliare di beni propri,0,0,0,0,0,0,0,0,0
ACINQUE S.P.A.,70,ATTIVITÀ DI DIREZIONE AZIENDALE E DI CONSULENZA GESTIONALE ,701000,Attività delle holding impegnate nelle attività gestionali (holding operative),0,0,0,1,1,1,0,0,0
ANIMA HOLDING S.P.A.,70,ATTIVITÀ DI DIREZIONE AZIENDALE E DI CONSULENZA GESTIONALE ,701000,Attività delle holding impegnate nelle attività gestionali (holding operative),0,0,0,1,1,1,1,1,1
ASCOPIAVE S.P.A.,70,ATTIVITÀ DI DIREZIONE AZIENDALE E DI CONSULENZA GESTIONALE ,701000,Attività delle holding impegnate nelle attività gestionali (holding operative),0,0,0,1,1,1,1,1,1
B.F. S.P.A.,70,ATTIVITÀ DI DIREZIONE AZIENDALE E DI CONSULENZA GESTIONALE ,701000,Attività delle holding impegnate nelle attività gestionali (holding operative),0,0,1,1,1,0,0,0,0
BASTOGI S.P.A.,70,ATTIVITÀ DI DIREZIONE AZIENDALE E DI CONSULENZA GESTIONALE ,701000,Attività delle holding impegnate nelle attività gestionali (holding operative),0,0,0,0,0,0,0,0,0
BORGOSESIA S.P.A.,70,ATTIVITÀ DI DIREZIONE AZIENDALE E DI CONSULENZA GESTIONALE ,701000,Attività delle holding impegnate nelle attività gestionali (holding operative),0,0,0,0,0,0,0,0,0
CALTAGIRONE EDITORE SOCIETA' PER AZIONI,70,ATTIVITÀ DI DIREZIONE AZIENDALE E DI CONSULENZA GESTIONALE ,701000,Attività delle holding impegnate nelle attività gestionali (holding operative),0,0,1,0,0,0,0,0,0
CALTAGIRONE SOCIETA' PER AZIONI,70,ATTIVITÀ DI DIREZIONE AZIENDALE E DI CONSULENZA GESTIONALE ,701000,Attività delle holding impegnate nelle attività gestionali (holding operative),0,0,0,1,1,0,0,0,0
CIR S.P.A. - COMPAGNIE INDUSTRIALI RIUNITE,70,ATTIVITÀ DI DIREZIONE AZIENDALE E DI CONSULENZA GESTIONALE ,701000,Attività delle holding impegnate nelle attività gestionali (holding operative),0,0,0,1,1,1,0,0,0
DBA GROUP S.P.A.,70,ATTIVITÀ DI DIREZIONE AZIENDALE E DI CONSULENZA GESTIONALE ,701000,Attività delle holding impegnate nelle attività gestionali (holding operative),0,0,0,1,1,1,0,0,0
DEXELANCE S.P.A.,70,ATTIVITÀ DI DIREZIONE AZIENDALE E DI CONSULENZA GESTIONALE ,701000,Attività delle holding impegnate nelle attività gestionali (holding operative),0,0,0,1,1,1,0,0,0
DIGITAL VALUE S.P.A.,70,ATTIVITÀ DI DIREZIONE AZIENDALE E DI CONSULENZA GESTIONALE ,701000,Attività delle holding impegnate nelle attività gestionali (holding operative),0,0,0,0,0,1,0,0,0
ENEL - SPA,70,ATTIVITÀ DI DIREZIONE AZIENDALE E DI CONSULENZA GESTIONALE ,701000,Attività delle holding impegnate nelle attività gestionali (holding operative),1,1,1,1,1,1,1,1,1
ENERVIT S.P.A.,70,ATTIVITÀ DI DIREZIONE AZIENDALE E DI CONSULENZA GESTIONALE ,701000,Attività delle holding impegnate nelle attività gestionali (holding operative),0,0,0,1,1,1,0,0,0
ERG S.P.A.,70,ATTIVITÀ DI DIREZIONE AZIENDALE E DI CONSULENZA GESTIONALE ,701000,Attività delle holding impegnate nelle attività gestionali (holding operative),0,0,0,1,1,1,0,0,0
EUROGROUP LAMINATIONS S.P.A.,70,ATTIVITÀ DI DIREZIONE AZIENDALE E DI CONSULENZA GESTIONALE ,701000,Attività delle holding impegnate nelle attività gestionali (holding operative),0,0,0,0,0,0,0,0,0
GABETTI PROPERTY SOLUTIONS S.P.A.,70,ATTIVITÀ DI DIREZIONE AZIENDALE E DI CONSULENZA GESTIONALE ,701000,Attività delle holding impegnate nelle attività gestionali (holding operative),0,0,0,0,0,0,0,0,0
GAS PLUS S.P.A.,70,ATTIVITÀ DI DIREZIONE AZIENDALE E DI CONSULENZA GESTIONALE ,701000,Attività delle holding impegnate nelle attività gestionali (holding operative),0,0,0,0,0,0,0,0,0
I.M.D. INTERNATIONAL MEDICAL DEVICES S.P.A.,70,ATTIVITÀ DI DIREZIONE AZIENDALE E DI CONSULENZA GESTIONALE ,701000,Attività delle holding impegnate nelle attività gestionali (holding operative),0,0,0,1,1,1,0,0,0
IMMSI S.P.A.,70,ATTIVITÀ DI DIREZIONE AZIENDALE E DI CONSULENZA GESTIONALE ,701000,Attività delle holding impegnate nelle attività gestionali (holding operative),0,0,1,1,1,0,0,0,0
INDUSTRIE DE NORA S.P.A.,70,ATTIVITÀ DI DIREZIONE AZIENDALE E DI CONSULENZA GESTIONALE ,701000,Attività delle holding impegnate nelle attività gestionali (holding operative),0,0,0,1,1,1,1,1,1
INTERCOS S.P.A.,70,ATTIVITÀ DI DIREZIONE AZIENDALE E DI CONSULENZA GESTIONALE ,701000,Attività delle holding impegnate nelle attività gestionali (holding operative),0,0,0,1,1,1,0,0,0
ITALGAS S.P.A.,70,ATTIVITÀ DI DIREZIONE AZIENDALE E DI CONSULENZA GESTIONALE ,701000,Attività delle holding impegnate nelle attività gestionali (holding operative),0,0,0,0,0,0,0,0,0
ITALMOBILIARE SOCIETA' PER AZIONI O IN FORMA ABBREVIATA ITALMOBILIARE SPA,70,ATTIVITÀ DI DIREZIONE AZIENDALE E DI CONSULENZA GESTIONALE ,701000,Attività delle holding impegnate nelle attività gestionali (holding operative),0,0,0,1,1,1,0,0,0
KME GROUP S.P.A.,70,ATTIVITÀ DI DIREZIONE AZIENDALE E DI CONSULENZA GESTIONALE ,701000,Attività delle holding impegnate nelle attività gestionali (holding operative),0,0,1,0,0,1,0,0,0
LUCISANO MEDIA GROUP S.P.A.,70,ATTIVITÀ DI DIREZIONE AZIENDALE E DI CONSULENZA GESTIONALE ,701000,Attività delle holding impegnate nelle attività gestionali (holding operative),0,0,0,0,0,0,0,0,0
MITTEL S.P.A.,70,ATTIVITÀ DI DIREZIONE AZIENDALE E DI CONSULENZA GESTIONALE ,701000,Attività delle holding impegnate nelle attività gestionali (holding operative),0,0,0,0,0,0,0,0,0
PIRELLI & C. S.P.A.,70,ATTIVITÀ DI DIREZIONE AZIENDALE E DI CONSULENZA GESTIONALE ,701000,Attività delle holding impegnate nelle attività gestionali (holding operative),0,0,1,0,0,0,0,0,0
PLC S.P.A.,70,ATTIVITÀ DI DIREZIONE AZIENDALE E DI CONSULENZA GESTIONALE ,701000,Attività delle holding impegnate nelle attività gestionali (holding operative),0,0,0,1,1,1,0,0,0
POLIGRAFICI PRINTING S.P.A.,70,ATTIVITÀ DI DIREZIONE AZIENDALE E DI CONSULENZA GESTIONALE ,701000,Attività delle holding impegnate nelle attività gestionali (holding operative),0,0,0,0,0,0,0,0,0
REDFISH LONGTERM CAPITAL S.P.A.,70,ATTIVITÀ DI DIREZIONE AZIENDALE E DI CONSULENZA GESTIONALE ,701000,Attività delle holding impegnate nelle attività gestionali (holding operative),0,0,0,0,0,0,0,0,0
REWAY GROUP S.P.A.,70,ATTIVITÀ DI DIREZIONE AZIENDALE E DI CONSULENZA GESTIONALE ,701000,Attività delle holding impegnate nelle attività gestionali (holding operative),0,0,0,0,0,0,0,0,0
SG COMPANY SOCIETA' BENEFIT SPA E CON SIGLA SG COMPANY S.B. SPA,70,ATTIVITÀ DI DIREZIONE AZIENDALE E DI CONSULENZA GESTIONALE ,701000,Attività delle holding impegnate nelle attività gestionali (holding operative),0,0,0,1,1,1,0,0,0
SNAM S.P.A.,70,ATTIVITÀ DI DIREZIONE AZIENDALE E DI CONSULENZA GESTIONALE ,701000,Attività delle holding impegnate nelle attività gestionali (holding operative),0,0,0,1,1,1,1,1,1
STEVANATO GROUP SOCIETA' PER AZIONI,70,ATTIVITÀ DI DIREZIONE AZIENDALE E DI CONSULENZA GESTIONALE ,701000,Attività delle holding impegnate nelle attività gestionali (holding operative),0,0,0,1,1,1,0,0,0
TINEXTA S.P.A.,70,ATTIVITÀ DI DIREZIONE AZIENDALE E DI CONSULENZA GESTIONALE ,701000,Attività delle holding impegnate nelle attività gestionali (holding operative),0,0,0,1,1,1,0,0,0
TRIBOO S.P.A.,70,ATTIVITÀ DI DIREZIONE AZIENDALE E DI CONSULENZA GESTIONALE ,701000,Attività delle holding impegnate nelle attività gestionali (holding operative),0,0,0,0,0,0,0,0,0
TXT E-SOLUTIONS S.P.A.,70,ATTIVITÀ DI DIREZIONE AZIENDALE E DI CONSULENZA GESTIONALE ,701000,Attività delle holding impegnate nelle attività gestionali (holding operative),0,0,0,1,1,1,0,0,0
ZEST SOCIETA' PER AZIONI,70,ATTIVITÀ DI DIREZIONE AZIENDALE E DI CONSULENZA GESTIONALE ,701000,Attività delle holding impegnate nelle attività gestionali (holding operative),0,0,0,1,1,1,1,1,0
ABC COMPANY S.P.A. SOCIETA' BENEFIT O IN BREVE ABC S.P.A.,70,ATTIVITÀ DI DIREZIONE AZIENDALE E DI CONSULENZA GESTIONALE ,702209,Altre attività di consulenza imprenditoriale e altra consulenza amministrativo-gestionale e pianificazione aziendale,0,0,0,0,0,0,0,0,0
ABITARE IN S.P.A.,70,ATTIVITÀ DI DIREZIONE AZIENDALE E DI CONSULENZA GESTIONALE ,702209,Altre attività di consulenza imprenditoriale e altra consulenza amministrativo-gestionale e pianificazione aziendale,1,1,0,1,1,1,1,1,1
ALKEMY S.P.A.,70,ATTIVITÀ DI DIREZIONE AZIENDALE E DI CONSULENZA GESTIONALE ,702209,Altre attività di consulenza imprenditoriale e altra consulenza amministrativo-gestionale e pianificazione aziendale,0,0,0,1,1,0,0,0,0
ALMAWAVE S.P.A.,70,ATTIVITÀ DI DIREZIONE AZIENDALE E DI CONSULENZA GESTIONALE ,702209,Altre attività di consulenza imprenditoriale e altra consulenza amministrativo-gestionale e pianificazione aziendale,0,0,0,1,1,1,0,0,0
EUKEDOS S.P.A.,70,ATTIVITÀ DI DIREZIONE AZIENDALE E DI CONSULENZA GESTIONALE ,702209,Altre attività di consulenza imprenditoriale e altra consulenza amministrativo-gestionale e pianificazione aziendale,0,0,0,0,0,0,0,0,0
MET.EXTRA GROUP S.P.A.,70,ATTIVITÀ DI DIREZIONE AZIENDALE E DI CONSULENZA GESTIONALE ,702209,Altre attività di consulenza imprenditoriale e altra consulenza amministrativo-gestionale e pianificazione aziendale,0,0,0,0,0,0,0,0,0
SAFILO GROUP S.P.A.,70,ATTIVITÀ DI DIREZIONE AZIENDALE E DI CONSULENZA GESTIONALE ,702209,Altre attività di consulenza imprenditoriale e altra consulenza amministrativo-gestionale e pianificazione aziendale,0,0,0,1,1,1,0,0,0
SESA S.P.A.,70,ATTIVITÀ DI DIREZIONE AZIENDALE E DI CONSULENZA GESTIONALE ,702209,Altre attività di consulenza imprenditoriale e altra consulenza amministrativo-gestionale e pianificazione aziendale,0,0,0,1,1,1,0,0,0
WIDECH S.P.A.,70,ATTIVITÀ DI DIREZIONE AZIENDALE E DI CONSULENZA GESTIONALE ,702209,Altre attività di consulenza imprenditoriale e altra consulenza amministrativo-gestionale e pianificazione aziendale,0,0,0,0,0,0,0,0,0
ROSETTI MARINO S.P.A.,71,ATTIVITÀ DEGLI STUDI DI ARCHITETTURA E D'INGEGNERIA; COLLAUDI ED ANALISI TECNICHE,711220,Servizi di progettazione di ingegneria integrata,0,0,0,1,1,1,0,0,0
TECHNICAL PUBLICATIONS SERVICE S.P.A. O IN BREVE T.P.S. S.P.A.,71,ATTIVITÀ DEGLI STUDI DI ARCHITETTURA E D'INGEGNERIA; COLLAUDI ED ANALISI TECNICHE,711220,Servizi di progettazione di ingegneria integrata,0,0,0,1,1,1,0,0,0
NEXT GEOSOLUTIONS EUROPE S.P.A.,71,ATTIVITÀ DEGLI STUDI DI ARCHITETTURA E D'INGEGNERIA; COLLAUDI ED ANALISI TECNICHE,711240,Attività di cartografia e aerofotogrammetria,0,0,1,0,0,0,0,0,0
NEWRON PHARMACEUTICALS S.P.A.,72,RICERCA SCIENTIFICA E SVILUPPO,721000,Ricerca e svilupo sperimentale nel campo delle scienze naturali e dell'ingegneria,0,0,0,0,0,0,0,0,0
CUBE LABS S.P.A.,72,RICERCA SCIENTIFICA E SVILUPPO,721100,Ricerca e sviluppo sperimentale nel campo delle biotecnologie,0,0,0,0,0,0,0,0,0
PHILOGEN S.P.A.,72,RICERCA SCIENTIFICA E SVILUPPO,721100,Ricerca e sviluppo sperimentale nel campo delle biotecnologie,0,0,1,0,0,1,0,0,0
ULISSE BIOMED S.P.A.,72,RICERCA SCIENTIFICA E SVILUPPO,721100,Ricerca e sviluppo sperimentale nel campo delle biotecnologie,0,0,0,0,0,0,0,0,0
CASTA DIVA GROUP S.P.A.,73,PUBBLICITÀ E RICERCHE DI MERCATO,731101,Ideazione di campagne pubblicitarie,0,0,0,0,0,0,0,0,0
DIGITOUCH S.P.A.,73,PUBBLICITÀ E RICERCHE DI MERCATO,731102,Conduzione di campagne di marketing e altri servizi pubblicitari,0,0,0,0,0,0,0,0,0
PROMOTICA S.P.A.,73,PUBBLICITÀ E RICERCHE DI MERCATO,731102,Conduzione di campagne di marketing e altri servizi pubblicitari,0,0,0,0,0,1,0,0,0
CAIRO COMMUNICATION S.P.A.,73,PUBBLICITÀ E RICERCHE DI MERCATO,731200,Attività delle concessionarie pubblicitarie,0,0,1,1,1,0,1,1,0
STAR7 S.P.A.,74,"ALTRE ATTIVITÀ PROFESSIONALI, SCIENTIFICHE E TECNICHE",743000,Traduzione e interpretariato,1,1,1,1,1,1,1,1,1
ITALY INNOVAZIONI S.P.A.,74,"ALTRE ATTIVITÀ PROFESSIONALI, SCIENTIFICHE E TECNICHE",749099,Altre attività professionali nca,0,0,0,0,0,0,0,0,0
SICILY BY CAR S.P.A.,77,ATTIVITÀ DI NOLEGGIO E LEASING OPERATIVO,771100,Noleggio di autovetture ed autoveicoli leggeri,0,0,0,0,0,0,0,0,0
AZ LEASING S.P.A.,77,ATTIVITÀ DI NOLEGGIO E LEASING OPERATIVO,773999,Noleggio senza operatore di altre macchine ed attrezzature nca,0,0,0,0,0,0,0,0,0
BASIC NET S.P.A.,77,ATTIVITÀ DI NOLEGGIO E LEASING OPERATIVO,774000,Concessione dei diritti di sfruttamento di proprietà intellettuale e prodotti simili (escluse le opere protette dal copyright),0,0,0,0,0,0,0,0,0
MONCLER S.P.A.,77,ATTIVITÀ DI NOLEGGIO E LEASING OPERATIVO,774000,Concessione dei diritti di sfruttamento di proprietà intellettuale e prodotti simili (escluse le opere protette dal copyright),0,0,0,1,1,1,1,1,1
I GRANDI VIAGGI S.P.A.,79,"ATTIVITÀ DEI SERVIZI DELLE AGENZIE DI VIAGGIO, DEI TOUR OPERATOR E SERVIZI DI PRENOTAZIONE E ATTIVITÀ CONNESSE",791000,Attività delle agenzie di viaggio e dei tour operator,0,0,0,0,0,0,0,0,0
XENIA HOTELLERIE SOLUTION S.P.A. SOCIETA' BENEFIT,79,"ATTIVITÀ DEI SERVIZI DELLE AGENZIE DI VIAGGIO, DEI TOUR OPERATOR E SERVIZI DI PRENOTAZIONE E ATTIVITÀ CONNESSE",791100,Attività delle agenzie di viaggio,0,0,0,1,1,1,0,0,0
DESTINATION ITALIA S.P.A.,79,"ATTIVITÀ DEI SERVIZI DELLE AGENZIE DI VIAGGIO, DEI TOUR OPERATOR E SERVIZI DI PRENOTAZIONE E ATTIVITÀ CONNESSE",791200,Attività dei tour operator,0,0,0,0,0,0,0,0,0
FIERA MILANO S.P.A.,82,ATTIVITÀ DI SUPPORTO PER LE FUNZIONI D'UFFICIO E ALTRI SERVIZI DI SUPPORTO ALLE IMPRESE,823000,Organizzazione di convegni e fiere,0,0,0,1,1,1,0,0,0
GAMBERO ROSSO S.P.A.,82,ATTIVITÀ DI SUPPORTO PER LE FUNZIONI D'UFFICIO E ALTRI SERVIZI DI SUPPORTO ALLE IMPRESE,823000,Organizzazione di convegni e fiere,0,0,0,0,0,0,0,0,0
ITALIAN EXHIBITION GROUP S.P.A.,82,ATTIVITÀ DI SUPPORTO PER LE FUNZIONI D'UFFICIO E ALTRI SERVIZI DI SUPPORTO ALLE IMPRESE,823000,Organizzazione di convegni e fiere,0,0,0,1,1,1,0,0,0
DOVALUE S.P.A.,82,ATTIVITÀ DI SUPPORTO PER LE FUNZIONI D'UFFICIO E ALTRI SERVIZI DI SUPPORTO ALLE IMPRESE,829110,Attività di agenzie di recupero crediti,0,0,0,1,1,0,0,0,0
JUVENTUS F.C. - S.P.A. O JUVENTUS FOOTBALL CLUB S.P.A.,93,"ATTIVITÀ SPORTIVE, DI INTRATTENIMENTO E DI DIVERTIMENTO",931200,Attività di club sportivi,0,0,0,0,0,1,0,0,0
S.S. LAZIO - S.P.A.,93,"ATTIVITÀ SPORTIVE, DI INTRATTENIMENTO E DI DIVERTIMENTO",931200,Attività di club sportivi,0,0,0,0,0,0,0,0,0
SERVIZI ITALIA S.P.A.,96,ALTRE ATTIVITÀ DI SERVIZI PER LA PERSONA,960110,Lavanderie industriali,0,0,0,1,1,1,1,1,1
